Name,Image URL,Address,Phone,Area
AC MARRIOTT,https://downtowndallas.com/wp-content/uploads/2018/09/AC-Marriot.jpg,1712 Commerce,214-290-0111,Main Street District
ADOLPHUS HOTEL,https://downtowndallas.com/wp-content/uploads/2018/09/Adolphus.jpg,1321 Commerce St,214-742-8200,Main Street District
ALOFT,https://downtowndallas.com/wp-content/uploads/2018/09/Aloft.jpg,1033 Young Street,214-761-0000,Civic Center
BELMONT HOTEL,https://downtowndallas.com/wp-content/uploads/2018/09/Belmont.jpg,901 Fort Worth Av,214-393-2300,Trinity Groves
CAMBRIA HOTEL,https://downtowndallas.com/wp-content/uploads/2018/09/Cambria.jpg,1907 Elm St,214-220-2900,Main Street District
CANOPY BY HILTON,https://downtowndallas.com/wp-content/uploads/2018/09/Canopy.jpg,2950 Cityplace West,214-522-2929,Uptown
COURTYARD BY MARRIOTT,https://downtowndallas.com/wp-content/uploads/2018/09/Courtyard-by-marriot.jpg,310 S Houston St.,214-238-6589,Main Street District
CROWNE PLAZA DALLAS,https://downtowndallas.com/wp-content/uploads/2018/09/crowne-plaza-dallas-e1546627876794.jpeg,1015 Elm Street,877-270-1393,Main Street District
DALLAS MARRIOTT DOWNTOWN,https://downtowndallas.com/wp-content/uploads/2018/09/Lobby_JPG.jpg,650 North Pearl St.,214-979-9000,Main Street District
ELEMENT BY WESTIN,https://downtowndallas.com/wp-content/uploads/2018/09/Element.jpg,4005 Gaston,469-399-1049,Old East Dallas
FAIRFIELD INN,https://downtowndallas.com/wp-content/uploads/2018/09/Fairfield-inn.jpg,555 S Ervay,,Civic Center
FAIRMONT HOTEL,https://downtowndallas.com/wp-content/uploads/2018/09/Fairmont.jpg,1717 North Akard Str,214-720-2020,Dallas Arts District
HALL ARTS HOTEL,https://downtowndallas.com/wp-content/uploads/2018/09/Hall-arts.png,2323 Ross Ave,214-269-9535,Dallas Arts District
HAMPTON INN & SUITES DALLAS DOWNTOWN,https://downtowndallas.com/wp-content/uploads/2018/09/hampton-inn-suites-dallas.jpg,1700 Commerce Street,214-290-9090,Main Street District
HILTON GARDEN INN DOWNTOWN DALLAS,https://downtowndallas.com/wp-content/uploads/2018/09/HIlton-garden-inn.jpg,1600 Pacific Ave,214-299-8982,Main Street District
HOME 2 SUITES BY HILTON,https://downtowndallas.com/wp-content/uploads/2018/09/home2-suites-by-hilton.jpg,3301 Gaston,214-765-2690,Old East Dallas
HOMEWOOD SUITES,https://downtowndallas.com/wp-content/uploads/2018/09/Homewood.jpg,1025 Elm Street,214-748-4000,Main Street District
HOTEL INDIGO,https://downtowndallas.com/wp-content/uploads/2018/09/Hotel-indigo.jpeg,1933 Main Street,214-741-7700,Main Street District
HOTEL SAINT GERMAIN,https://downtowndallas.com/wp-content/uploads/2018/09/hotel-st-germain.jpg,2516 Maple Avenue,214-871-2516,Uptown
HOTEL ZAZA,https://downtowndallas.com/wp-content/uploads/2018/09/Hotel-zaza.jpg,2332 Leonard Street,214-468-8399,Uptown
HYATT REGENCY DALLAS,https://downtowndallas.com/wp-content/uploads/2018/09/Hyatt_Regency_Dallas-e1546627838881.jpg,300 Reunion Blvd,214-651-1234,Reunion District
LA QUINTA (HOTEL LAWRENCE),https://downtowndallas.com/wp-content/uploads/2018/09/la-quinta.jpg,302 South Houston Street,214-761-9090,Reunion District
LORENZO HOTEL,https://downtowndallas.com/wp-content/uploads/2018/09/lorenzo-hotel.jpg,1011 S Akard,214-273-3000,The Cedars
MAGNOLIA HOTEL,https://downtowndallas.com/wp-content/uploads/2018/09/Magnolia.jpg,1401 Commerce Street,214-915-6500,Main Street District
MARRIOTT RESIDENCE INN,https://downtowndallas.com/wp-content/uploads/2018/09/Marriott-Residence.jpg,1712 Commerce,214-290-0122,Main Street District
MARRIOTT TOWNEPLACE,https://downtowndallas.com/wp-content/uploads/2018/09/Marriott-Towneplace.jpg,555 Evergreen Street,214-749-5155,Civic Center
NYLO DALLAS SOUTH SIDE,https://downtowndallas.com/wp-content/uploads/2018/09/Nylo.jpg,1325 South Lamar,214-421-1080,The Cedars
OMNI DALLAS CONVENTION CENTER HOTEL,https://downtowndallas.com/wp-content/uploads/2018/09/Omni-e1546627812676.jpg,555 South Lamar Stre,214-744-6664,Civic Center
PITTMAN HOTEL,https://downtowndallas.com/wp-content/uploads/2018/09/Klyde_Warren_Park_SF8mfHpHwMcKDysv55XUPzt18q0ABlZBh_rgb_l-e1546906453840.jpg,2551 Elm St.,469.498.2500,Deep Ellum
RITZ CARLTON,https://downtowndallas.com/wp-content/uploads/2018/09/ritz-carlton.jpg,2121 McKinney Avenue,214-922-0200,Uptown
ROSEWOOD CRESCENT HOTEL,https://downtowndallas.com/wp-content/uploads/2018/09/Rosewood.jpg,400 Crescent Court,214-871-3200,Uptown
SHERATON DALLAS,https://downtowndallas.com/wp-content/uploads/2018/09/sheraton.jpg,400 Olive Street,214-922-8000,Main Street District
SPRINGHILL SUITES,https://downtowndallas.com/wp-content/uploads/2018/09/Springhill.jpeg,1907 N. Lamar Street,214-999-0500,West End Historic District
THE GUILD HOTEL DOWNTOWN,https://downtowndallas.com/wp-content/uploads/2018/11/JT-image-for-the-STD3-e1546905933386.jpg,1601 Elm St.,(512) 623-7480,Dallas Arts District
THE GUILD HOTEL VICTORY PARK,https://downtowndallas.com/wp-content/uploads/2018/09/Klyde_Warren_Park_SF8mfHpHwMcKDysv55XUPzt18q0ABlZBh_rgb_l-e1546906453840.jpg,3111 North Houston St.,(512) 623-7480,Victory Park
THE JOULE,https://downtowndallas.com/wp-content/uploads/2018/09/The-Joule.jpg,1530 Main St.,214-748-1300,Main Street District
THE STATLER,https://downtowndallas.com/wp-content/uploads/2018/09/The-Statler.jpg,1914 Commerce,214-459-3930,Main Street District
THE STONELEIGH,https://downtowndallas.com/wp-content/uploads/2018/09/The-Stoneleigh.jpg,2927 Maple Avenue,214-871-7111,Uptown
THOMPSON DALLAS,https://downtowndallas.com/wp-content/uploads/2018/09/Klyde_Warren_Park_SF8mfHpHwMcKDysv55XUPzt18q0ABlZBh_rgb_l-e1546906453840.jpg,205 N Akard St.,469-320-1234,Main Street District
TOWNEPLACE SUITES,https://downtowndallas.com/wp-content/uploads/2018/11/JT-image-for-the-STD3-e1546905933386.jpg,555 Evergreen Street,(214) 749-5155,Dallas Farmers Market
W DALLAS – VICTORY,https://downtowndallas.com/wp-content/uploads/2018/09/w-Dallas.jpg,2440 Victory Park La,214-397-4100,Victory Park
WESTIN DALLAS DOWNTOWN,https://downtowndallas.com/wp-content/uploads/2018/09/Westin.jpg,1201 Main Street,972-584-6650,Main Street District
